Animaux;Sport;Transport;Nourriture
Crocodile;Baseball;Automobile;Artichaut
Serpent;Basketball;Camionnette;Citrouille
Ecureuil;football;Autobus;Rhubarbe
Agneau;Volleyball;Limousine;Wasabi
Chevreuil;Athletisme;Funiculaire;Cramberry
Gambas;Aviation;Helicoptere;Nectarine
Homard;Bowling;Pirogue;Pamplemousse
Mouette;Tennis;Montgolfiere;Yaourt
Suricate;Canoe;Parachute;Hambuger
Sphynx;Escalade;Skate;Pancake
Cheval;Flamenco;Motoneige;Cereale
Saumon;Paintball;Tracteur;Concombre
Leopard;Fitness;Avion;Glace
Perruche;Crossfit;Barque;Fromage
Pieuvre;Alpinisme;Bicyclette;Saucisson
Otarie;Babyfoot;Segway;Avocat
Chameau;Petanque;Tramway;Courgette
Alpaga;Canyoning;Chameau;Lasagne
Bouquetin;Escrime;Metro;Carbonara
Chouette;Gymnastique;Trottinette;Tartiflette
Dromadaire;Plongee;Tyroliene;Raclette
Elephant;Ultimate;Overboard;Confiture
Koala;Waterpolo;Velo;Tratine
Moucheron;Zumba;Fusee;Chocolat
Pintade;Airsoft;Pedalo;Caramel
Gorille;Badminton;Yacht;Poulet
Poulet;Flechettes;Voilier;Salade
Dindon;Patinage;Ascenseur;Haricot
